id,first_name,last_name,email,gender,ip_address
1,Joceline,Bea,jbea0@shutterfly.com,Female,209.250.201.160
2,Garold,Huson,ghuson1@businessinsider.com,Female,251.115.174.184
3,Waldo,Hurnell,whurnell2@cargocollective.com,Male,164.16.129.17
4,Hedi,Chessman,hchessman3@goo.ne.jp,Female,132.166.133.214
5,Dehlia,Josum,djosum4@arizona.edu,Male,45.237.15.134
6,Clay,Jeckells,cjeckells5@ameblo.jp,Female,250.249.245.121
7,Tildy,Russilll,trussilll6@noaa.gov,Female,135.206.225.100
8,Sigismond,Capeloff,scapeloff7@yelp.com,Male,151.33.205.168
9,Gretel,Earngy,gearngy8@multiply.com,Bigender,179.50.160.212
10,Wolfy,Trevascus,wtrevascus9@goo.gl,Male,189.111.124.130
11,Francklin,Coenraets,fcoenraetsa@xinhuanet.com,Female,145.171.25.96
12,Anetta,Greystock,agreystockb@i2i.jp,Bigender,74.247.240.37
13,Clemence,Orritt,corrittc@moonfruit.com,Female,17.81.186.24
14,Alexis,Harkness,aharknessd@t.co,Male,192.223.218.14
15,Gil,Goldberg,ggoldberge@nature.com,Female,60.245.186.111
16,Mei,Beagley,mbeagleyf@bloglines.com,Male,5.18.102.41
17,Lenora,Shorbrook,lshorbrookg@businesswire.com,Female,9.81.153.9
18,Cornelia,Slocumb,cslocumbh@ovh.net,Male,149.138.236.19
19,Hoebart,Chimenti,hchimentii@cpanel.net,Polygender,158.219.216.201
20,Darleen,Garrand,dgarrandj@google.com.hk,Female,161.162.32.243
21,Megan,Reedyhough,mreedyhoughk@furl.net,Male,60.152.163.122
22,Shadow,Borthe,sborthel@edublogs.org,Female,244.226.237.136
23,Chrissie,Garrioch,cgarriochm@home.pl,Male,245.80.240.174
24,Frederique,O'Loughnan,foloughnann@mediafire.com,Female,94.63.88.174
25,Rayner,Dunseath,rdunseatho@soundcloud.com,Female,113.161.104.220
26,Fernanda,Scawton,fscawtonp@weebly.com,Male,220.224.29.222
27,Leda,Albrook,lalbrookq@tripod.com,Male,171.163.2.102
28,Milissent,Cluely,mcluelyr@shop-pro.jp,Female,248.201.214.240
29,Bernice,McKennan,bmckennans@1688.com,Female,52.171.159.139
30,Amory,Culshaw,aculshawt@nasa.gov,Agender,246.126.90.70
31,Luz,Campa,lcampau@dmoz.org,Polygender,44.153.212.79
32,George,Armitage,garmitagev@cisco.com,Male,185.151.1.80
33,Sammy,Twiddell,stwiddellw@surveymonkey.com,Female,65.30.53.74
34,Garald,Piatek,gpiatekx@qq.com,Genderfluid,48.192.195.45
35,Carol-jean,Parlor,cparlory@comsenz.com,Male,209.103.125.138
36,Drugi,Sitwell,dsitwellz@irs.gov,Female,91.191.228.88
37,Stefa,Eatock,seatock10@boston.com,Female,136.148.7.131
38,Blair,Fazzioli,bfazzioli11@shareasale.com,Male,110.196.141.40
39,Den,Obeney,dobeney12@blogspot.com,Male,213.104.236.69
40,Bethany,Bockmann,bbockmann13@sakura.ne.jp,Female,190.164.139.235
41,Merrilee,Quigley,mquigley14@51.la,Male,119.100.58.167
42,Addie,Tallboy,atallboy15@desdev.cn,Genderqueer,69.94.144.8
43,Booth,Townsend,btownsend16@wikia.com,Female,9.104.141.12
44,Whitby,Martellini,wmartellini17@list-manage.com,Male,128.231.180.35
45,Felicity,Malinson,fmalinson18@xrea.com,Male,228.208.52.191
46,Sharity,Nickless,snickless19@xinhuanet.com,Female,103.243.74.206
47,Nikolas,Joontjes,njoontjes1a@reddit.com,Male,12.231.115.247
48,Esma,Todarello,etodarello1b@nytimes.com,Male,182.144.132.144
49,Jameson,O'Driscoll,jodriscoll1c@buzzfeed.com,Male,0.224.147.133
50,Cassandry,Ivashinnikov,civashinnikov1d@bravesites.com,Male,225.78.0.29
51,Rebeca,Moodie,rmoodie1e@bloglovin.com,Male,20.94.171.32
52,Essy,Edmett,eedmett1f@geocities.com,Female,161.187.61.15
53,Ozzie,Fransoni,ofransoni1g@themeforest.net,Female,61.52.86.82
54,Michelle,Teale,mteale1h@google.de,Female,166.211.218.225
55,Raine,Minney,rminney1i@weebly.com,Female,95.178.203.140
56,Virgina,Ratnage,vratnage1j@statcounter.com,Male,81.220.221.250
57,Chelsey,Bullas,cbullas1k@amazon.com,Male,101.54.106.65
58,Derrik,Giovanazzi,dgiovanazzi1l@sfgate.com,Female,16.90.206.131
59,Lelia,Ucchino,lucchino1m@mozilla.com,Male,34.108.175.208
60,Kent,Weekes,kweekes1n@a8.net,Female,213.80.165.69
61,Fielding,Lemmanbie,flemmanbie1o@umn.edu,Female,214.99.206.91
62,Gae,Frankcom,gfrankcom1p@ed.gov,Male,107.230.38.68
63,Cherry,Cantopher,ccantopher1q@goo.gl,Male,47.5.101.62
64,Maddie,Mascall,mmascall1r@time.com,Male,67.172.246.15
65,Gustaf,Wyllt,gwyllt1s@dell.com,Male,98.74.64.232
66,Charisse,Shatliff,cshatliff1t@slideshare.net,Female,135.254.220.141
67,Christina,Garfit,cgarfit1u@census.gov,Male,199.217.62.238
68,Wake,Hastings,whastings1v@tmall.com,Female,43.12.153.194
69,Timmy,Iacovuzzi,tiacovuzzi1w@mail.ru,Female,245.142.58.186
70,Dorie,Daburn,ddaburn1x@sogou.com,Female,17.11.99.33
71,Stefa,Ford,sford1y@edublogs.org,Male,79.132.2.184
72,Glyn,Yashnov,gyashnov1z@nationalgeographic.com,Male,153.201.95.77
73,Micaela,Flello,mflello20@umich.edu,Agender,199.247.242.54
74,Yorgo,Saph,ysaph21@nyu.edu,Female,22.123.227.111
75,Theobald,Leggat,tleggat22@huffingtonpost.com,Female,86.200.162.245
76,Doria,Gissop,dgissop23@storify.com,Female,217.8.176.44
77,Cletis,Rays,crays24@businesswire.com,Female,230.187.95.152
78,Katrinka,Galliard,kgalliard25@biglobe.ne.jp,Female,32.12.228.177
79,Joletta,Lambotin,jlambotin26@multiply.com,Female,155.99.124.105
80,Pandora,McCamish,pmccamish27@umich.edu,Male,162.84.100.121
81,Carol-jean,Di Carlo,cdicarlo28@europa.eu,Male,32.51.88.62
82,Seymour,McGrane,smcgrane29@whitehouse.gov,Male,106.224.129.118
83,Rem,Jobbing,rjobbing2a@acquirethisname.com,Genderqueer,207.73.136.13
84,Ely,Douse,edouse2b@slate.com,Female,162.193.121.121
85,Cristi,Dekeyser,cdekeyser2c@hugedomains.com,Female,47.104.60.238
86,Alejandrina,Harrild,aharrild2d@ted.com,Female,194.238.239.128
87,Lizzie,Collingridge,lcollingridge2e@jugem.jp,Male,223.113.52.114
88,Alyson,Headly,aheadly2f@ucoz.com,Male,146.85.221.186
89,Kevan,Drinkale,kdrinkale2g@wufoo.com,Male,66.178.21.203
90,Nealy,Cook,ncook2h@jalbum.net,Female,6.22.255.164
91,Jarrid,Espinas,jespinas2i@hubpages.com,Male,130.239.106.15
92,Manuel,Danhel,mdanhel2j@hugedomains.com,Male,164.253.202.162
93,Rutger,Tixall,rtixall2k@nytimes.com,Female,137.109.26.47
94,Sheela,Costell,scostell2l@sohu.com,Female,235.206.99.154
95,Coralie,Ortelt,cortelt2m@nationalgeographic.com,Female,246.64.73.202
96,Kinnie,Jarrard,kjarrard2n@ed.gov,Genderqueer,0.168.184.7
97,Major,Isacsson,misacsson2o@google.de,Male,21.251.200.197
98,Maribelle,Kuller,mkuller2p@google.fr,Male,94.200.71.25
99,Bucky,Dubble,bdubble2q@yandex.ru,Female,232.106.27.144
100,Archibald,MacComiskey,amaccomiskey2r@diigo.com,Male,106.93.162.7
101,Audrey,Minard,aminard2s@wordpress.com,Female,175.27.184.24
102,Christoffer,Carncross,ccarncross2t@psu.edu,Male,58.16.46.243
103,Goldina,Ludwikiewicz,gludwikiewicz2u@theglobeandmail.com,Female,49.53.125.119
104,Sonni,Elwill,selwill2v@mysql.com,Female,61.173.204.236
105,Cris,Burnet,cburnet2w@auda.org.au,Female,242.138.82.235
106,Helen-elizabeth,Doggart,hdoggart2x@macromedia.com,Female,200.241.73.47
107,Grannie,Craise,gcraise2y@woothemes.com,Female,15.141.7.34
108,Sherri,Emmines,semmines2z@dedecms.com,Male,25.200.239.219
109,Shannon,Garahan,sgarahan30@wired.com,Male,22.255.143.75
110,Krishna,Cuffin,kcuffin31@eventbrite.com,Female,66.101.103.77
111,Gianina,Mersey,gmersey32@ucoz.com,Female,152.241.32.208
112,Maude,Axelbee,maxelbee33@unicef.org,Non-binary,166.103.176.42
113,Henrik,Cansdale,hcansdale34@usa.gov,Male,173.255.26.22
114,Herschel,Thorouggood,hthorouggood35@bravesites.com,Male,242.128.124.163
115,Nadean,Tunnock,ntunnock36@reverbnation.com,Female,82.23.153.234
116,Peggie,Day,pday37@google.it,Male,90.83.90.102
117,Elden,Skitral,eskitral38@stanford.edu,Bigender,225.245.102.40
118,Moina,Guslon,mguslon39@admin.ch,Male,168.20.224.120
119,Rutger,Clothier,rclothier3a@addthis.com,Female,99.182.253.203
120,Paulo,Armsden,parmsden3b@scientificamerican.com,Male,150.246.165.2
121,Lulita,Mungham,lmungham3c@google.com.au,Female,25.52.241.209
122,Amalee,Norres,anorres3d@theatlantic.com,Male,124.72.202.244
123,Wilhelmine,Kroger,wkroger3e@timesonline.co.uk,Female,187.103.12.139
124,Elianora,Eblein,eeblein3f@jigsy.com,Male,185.130.56.46
125,Devinne,Beningfield,dbeningfield3g@abc.net.au,Female,62.150.24.5
126,Ike,Carhart,icarhart3h@chronoengine.com,Female,236.228.174.188
127,Willabella,McFeate,wmcfeate3i@cdbaby.com,Genderfluid,20.151.79.212
128,Con,Druce,cdruce3j@gnu.org,Male,30.215.164.40
129,Judy,Matteucci,jmatteucci3k@ihg.com,Male,104.163.87.69
130,Hort,Keneford,hkeneford3l@hc360.com,Female,26.249.107.113
131,Trudi,Berringer,tberringer3m@sfgate.com,Female,182.16.113.143
132,Chrissie,Alasdair,calasdair3n@storify.com,Male,128.136.200.135
133,Dominga,Dallon,ddallon3o@edublogs.org,Male,139.155.91.176
134,Adolphe,Hunnable,ahunnable3p@squidoo.com,Male,31.165.132.60
135,Meghan,Jerrans,mjerrans3q@devhub.com,Female,70.227.84.9
136,Inger,McPhillimey,imcphillimey3r@smh.com.au,Female,58.115.21.184
137,Grant,Laise,glaise3s@google.it,Male,209.185.255.63
138,Ash,Trayling,atrayling3t@webmd.com,Male,164.207.20.208
139,Mercedes,Tootell,mtootell3u@jigsy.com,Male,62.140.125.234
140,Casper,Bye,cbye3v@dell.com,Non-binary,64.80.63.85
141,Dario,McVitie,dmcvitie3w@msu.edu,Female,58.106.225.75
142,Federica,See,fsee3x@sitemeter.com,Female,0.142.141.167
143,Tailor,Dinse,tdinse3y@sphinn.com,Female,110.71.194.81
144,Renell,Swaysland,rswaysland3z@bluehost.com,Female,97.43.225.118
145,Allayne,Cowper,acowper40@geocities.jp,Male,156.17.226.215
146,Riccardo,Kondrat,rkondrat41@elegantthemes.com,Polygender,233.119.181.203
147,Woodie,O'Dreain,wodreain42@elegantthemes.com,Female,33.174.0.93
148,Reidar,Banaszewski,rbanaszewski43@ameblo.jp,Female,45.102.237.88
149,Jaime,Reinisch,jreinisch44@vinaora.com,Female,253.151.110.20
150,Bevvy,Haukey,bhaukey45@ehow.com,Female,244.60.173.192
151,Yard,Tschirasche,ytschirasche46@arizona.edu,Male,162.65.223.175
152,Abbi,Gellan,agellan47@home.pl,Female,0.157.129.181
153,Maddi,Urling,murling48@chronoengine.com,Female,0.185.230.225
154,Tiffanie,Edleston,tedleston49@state.tx.us,Female,82.153.197.135
155,Purcell,Currington,pcurrington4a@comcast.net,Male,181.236.61.212
156,Randee,Conring,rconring4b@rambler.ru,Male,195.1.105.49
157,Constantine,Sayward,csayward4c@state.tx.us,Female,42.164.255.17
158,Davey,Cornehl,dcornehl4d@dion.ne.jp,Female,107.85.132.124
159,Nev,Verrechia,nverrechia4e@google.es,Female,255.30.206.102
160,Lebbie,Nairns,lnairns4f@sphinn.com,Female,26.87.34.196
161,Rahel,Massey,rmassey4g@cornell.edu,Male,48.103.221.59
162,Lorrayne,Colston,lcolston4h@indiegogo.com,Female,130.216.58.125
163,Debora,Neaverson,dneaverson4i@woothemes.com,Female,9.201.145.184
164,Omero,Springford,ospringford4j@networkadvertising.org,Female,34.81.113.106
165,Roxie,Molfino,rmolfino4k@sogou.com,Male,76.110.62.218
166,Aubry,Troker,atroker4l@theguardian.com,Male,116.89.22.28
167,Simmonds,Willeson,swilleson4m@moonfruit.com,Male,79.199.206.156
168,Philippe,Waldren,pwaldren4n@goodreads.com,Bigender,75.175.185.246
169,Jeff,Emnoney,jemnoney4o@who.int,Female,34.173.61.113
170,Orville,Warbys,owarbys4p@home.pl,Female,242.96.210.57
171,Nicolette,Redgewell,nredgewell4q@about.com,Female,63.161.86.167
172,Martha,Newcombe,mnewcombe4r@tripod.com,Male,45.49.88.56
173,Olympe,Ollarenshaw,oollarenshaw4s@tinyurl.com,Female,63.70.168.246
174,Chrotoem,Nassy,cnassy4t@howstuffworks.com,Male,176.210.237.193
175,Quint,Smithin,qsmithin4u@psu.edu,Female,135.136.178.99
176,Bill,Corstan,bcorstan4v@ehow.com,Male,47.192.239.31
177,Davidde,Rotchell,drotchell4w@hhs.gov,Female,235.48.46.122
178,Johny,Chin,jchin4x@seesaa.net,Female,209.131.248.240
179,Sauncho,Fahy,sfahy4y@tinypic.com,Bigender,198.219.71.161
180,Zebadiah,Elington,zelington4z@umn.edu,Male,88.171.75.191
181,Broddy,Chevalier,bchevalier50@google.nl,Male,125.131.16.19
182,Symon,Nuton,snuton51@ebay.co.uk,Male,235.62.76.235
183,Celinka,Goldstraw,cgoldstraw52@angelfire.com,Bigender,73.147.178.124
184,Conni,Hlavac,chlavac53@fema.gov,Female,149.70.223.33
185,Dawn,Tomes,dtomes54@paypal.com,Female,241.251.155.174
186,Hans,Marty,hmarty55@cafepress.com,Male,25.238.166.72
187,Tonnie,McCartney,tmccartney56@amazonaws.com,Male,252.66.105.191
188,Lorita,Swallow,lswallow57@washingtonpost.com,Female,15.118.4.97
189,Ki,Wimbury,kwimbury58@dmoz.org,Male,240.197.237.15
190,Jolie,Kirmond,jkirmond59@msn.com,Male,23.51.167.239
191,Yorker,Mulbry,ymulbry5a@fotki.com,Female,251.243.182.16
192,Tonya,Wabey,twabey5b@amazon.com,Male,79.211.173.231
193,Flossi,Kellog,fkellog5c@barnesandnoble.com,Female,178.69.253.247
194,Fred,Meneux,fmeneux5d@merriam-webster.com,Male,109.209.59.147
195,Paulina,Middas,pmiddas5e@mozilla.org,Female,40.133.236.164
196,Baird,Crisford,bcrisford5f@reference.com,Female,200.141.119.108
197,Garek,De Hailes,gdehailes5g@cam.ac.uk,Male,187.71.84.10
198,Ginnifer,Housen,ghousen5h@pbs.org,Female,250.238.186.142
199,Inger,Whenman,iwhenman5i@nps.gov,Female,120.73.209.98
200,Dennis,Handman,dhandman5j@unicef.org,Female,97.112.77.198
201,Shirlee,Logue,slogue5k@ftc.gov,Male,143.249.214.34
202,Simonette,Trass,strass5l@tripadvisor.com,Genderfluid,53.141.208.189
203,Beaufort,Acheson,bacheson5m@typepad.com,Male,197.82.129.31
204,Jen,Atterley,jatterley5n@unesco.org,Bigender,216.244.77.143
205,Kimberlyn,Adanez,kadanez5o@oracle.com,Female,228.188.47.242
206,Denys,Greenstreet,dgreenstreet5p@purevolume.com,Female,114.162.82.244
207,Tasha,Filasov,tfilasov5q@intel.com,Male,112.78.15.230
208,Aldrich,Spier,aspier5r@oracle.com,Genderqueer,62.34.254.132
209,Ingunna,Croan,icroan5s@photobucket.com,Female,249.247.89.13
210,Kalli,D'eye,kdeye5t@alibaba.com,Male,226.64.89.156
211,Farra,Danis,fdanis5u@nih.gov,Male,169.222.119.117
212,Baxy,Ovens,bovens5v@state.tx.us,Female,49.182.123.213
213,Tallulah,Kinsey,tkinsey5w@pcworld.com,Male,134.30.102.240
214,Mickey,Di Boldi,mdiboldi5x@archive.org,Female,236.179.121.91
215,Esma,Bedle,ebedle5y@simplemachines.org,Male,56.120.19.248
216,Sofia,Caghan,scaghan5z@oracle.com,Male,253.122.79.63
217,Janifer,Cavey,jcavey60@ehow.com,Polygender,228.21.229.161
218,Orrin,Buckney,obuckney61@discovery.com,Female,93.139.227.140
219,Rowney,Whewill,rwhewill62@ox.ac.uk,Male,83.161.168.160
220,Barbe,Farnall,bfarnall63@netscape.com,Male,44.54.96.208
221,Heriberto,Shenfisch,hshenfisch64@hatena.ne.jp,Female,167.157.183.124
222,Angelika,Bellhanger,abellhanger65@aboutads.info,Male,136.100.191.127
223,Der,Yakobovicz,dyakobovicz66@apple.com,Female,218.54.59.63
224,Frasquito,Brazer,fbrazer67@github.io,Female,39.127.205.170
225,Renard,Filkov,rfilkov68@live.com,Female,213.160.32.143
226,Noland,Tann,ntann69@dedecms.com,Polygender,255.86.151.226
227,Dreddy,Ferreras,dferreras6a@amazonaws.com,Female,188.58.39.85
228,Eryn,Bugden,ebugden6b@globo.com,Female,58.194.59.72
229,Darcey,Bush,dbush6c@prlog.org,Female,145.29.35.128
230,Lilly,Hatrick,lhatrick6d@army.mil,Bigender,82.249.98.11
231,Tracey,Smieton,tsmieton6e@blogtalkradio.com,Female,40.22.185.243
232,Briana,Creer,bcreer6f@nps.gov,Female,109.37.5.179
233,Jonas,Shepherdson,jshepherdson6g@oakley.com,Male,115.9.36.171
234,Martainn,Langthorne,mlangthorne6h@tiny.cc,Male,7.16.219.191
235,Erny,Aery,eaery6i@bbc.co.uk,Male,12.4.23.130
236,Poul,Thewys,pthewys6j@hostgator.com,Female,146.24.28.243
237,Wallis,Dutnell,wdutnell6k@census.gov,Male,1.142.126.66
238,Elston,Rammell,erammell6l@cnbc.com,Genderqueer,195.27.230.152
239,Coleen,Demetr,cdemetr6m@upenn.edu,Male,250.91.7.182
240,Carmelina,D'Alesio,cdalesio6n@indiegogo.com,Bigender,128.21.72.188
241,Alidia,Farnin,afarnin6o@bing.com,Female,162.211.247.206
242,Mickie,Odde,modde6p@ycombinator.com,Male,145.114.167.220
243,Jehu,Duprey,jduprey6q@tuttocitta.it,Male,208.213.183.249
244,Dwayne,Iddenden,diddenden6r@alexa.com,Female,191.160.84.163
245,Charita,Prendergrass,cprendergrass6s@goodreads.com,Female,151.82.91.189
246,Erich,Winscomb,ewinscomb6t@amazon.co.jp,Male,181.141.158.225
247,Cy,Eathorne,ceathorne6u@webeden.co.uk,Male,226.49.217.163
248,Huntington,Husk,hhusk6v@blogger.com,Male,143.138.163.209
249,Fergus,Scad,fscad6w@amazon.com,Male,219.85.182.7
250,Scott,Tenbrug,stenbrug6x@goodreads.com,Male,167.177.198.226
251,Norma,Ohrt,nohrt6y@addtoany.com,Female,51.76.7.253
252,Susann,Riditch,sriditch6z@godaddy.com,Female,113.141.172.122
253,Jocko,Ravenscroftt,jravenscroftt70@altervista.org,Male,27.136.169.201
254,Lona,Luparti,lluparti71@elpais.com,Genderfluid,164.28.231.200
255,Casey,Corradeschi,ccorradeschi72@who.int,Male,79.254.18.36
256,Dniren,Rosenblum,drosenblum73@rediff.com,Female,11.198.217.194
257,Agace,Gullberg,agullberg74@mit.edu,Female,182.108.242.51
258,Lilia,Coytes,lcoytes75@imgur.com,Non-binary,88.161.242.220
259,Ethelbert,Scane,escane76@wsj.com,Female,86.34.154.111
260,Neila,Cash,ncash77@livejournal.com,Female,220.239.61.51
261,Griffin,Rostron,grostron78@chicagotribune.com,Male,147.91.158.141
262,Millie,Guiton,mguiton79@guardian.co.uk,Female,45.110.16.109
263,Pattie,Bessell,pbessell7a@kickstarter.com,Female,146.59.178.102
264,Kerwin,Allred,kallred7b@nature.com,Female,132.84.238.243
265,Ogden,Hardacre,ohardacre7c@tumblr.com,Male,183.219.165.119
266,Reed,Nevins,rnevins7d@oracle.com,Male,239.175.120.63
267,Cherianne,Germain,cgermain7e@csmonitor.com,Male,7.23.175.245
268,Luciano,Cheal,lcheal7f@rakuten.co.jp,Bigender,119.72.205.145
269,Rivi,Rosensaft,rrosensaft7g@tiny.cc,Female,213.85.34.62
270,Bernardina,Bretland,bbretland7h@chicagotribune.com,Non-binary,128.68.241.228
271,Ashley,Proughten,aproughten7i@blinklist.com,Male,82.224.58.246
272,Erica,Mikalski,emikalski7j@discuz.net,Female,229.131.58.211
273,Isabelle,Trythall,itrythall7k@house.gov,Agender,227.224.56.36
274,Katha,Hucke,khucke7l@mlb.com,Male,177.192.161.179
275,Tailor,Morrel,tmorrel7m@is.gd,Polygender,231.203.235.91
276,Jody,Bergeau,jbergeau7n@discuz.net,Male,161.23.147.194
277,Jacinda,Alfonsetto,jalfonsetto7o@dmoz.org,Male,253.255.17.34
278,Marion,Duester,mduester7p@census.gov,Male,107.186.67.124
279,Guinevere,Smedley,gsmedley7q@ovh.net,Female,48.171.88.156
280,Noll,Artrick,nartrick7r@census.gov,Female,199.164.162.80
281,Lora,Heberden,lheberden7s@go.com,Male,110.172.6.8
282,Ximenes,Pendlenton,xpendlenton7t@alexa.com,Female,243.214.207.251
283,Arvin,Burke,aburke7u@digg.com,Female,22.76.196.208
284,Cherri,Briskey,cbriskey7v@prweb.com,Male,130.147.162.186
285,Artur,Lean,alean7w@guardian.co.uk,Male,166.38.157.86
286,Noach,Van Dalen,nvandalen7x@wiley.com,Female,121.27.65.83
287,Angelico,Tolotti,atolotti7y@blogtalkradio.com,Female,122.62.115.64
288,Stephani,Thurborn,sthurborn7z@unicef.org,Female,204.43.71.206
289,Fabe,Blackett,fblackett80@salon.com,Female,69.218.195.142
290,Daffi,Jolland,djolland81@cmu.edu,Male,48.15.59.140
291,Dev,Tournie,dtournie82@google.cn,Male,48.39.204.105
292,Aurelia,Domek,adomek83@wikimedia.org,Male,171.214.39.88
293,Latashia,Kender,lkender84@ustream.tv,Female,59.204.1.39
294,Nananne,Legrand,nlegrand85@wordpress.org,Female,8.10.247.28
295,Jami,La Croce,jlacroce86@wordpress.org,Female,29.144.96.161
296,Sibby,Poland,spoland87@amazon.co.jp,Non-binary,103.60.240.27
297,Jade,Ivell,jivell88@cisco.com,Female,97.111.242.146
298,Trescha,Isakov,tisakov89@youtu.be,Female,82.125.70.185
299,Jessika,Ghilardini,jghilardini8a@booking.com,Genderqueer,81.87.187.79
300,Othella,Kunes,okunes8b@shutterfly.com,Female,107.52.149.179
301,Karim,Gillean,kgillean8c@uol.com.br,Male,253.228.225.120
302,Thaddeus,Berni,tberni8d@a8.net,Male,74.29.213.89
303,Wilbert,Taree,wtaree8e@imgur.com,Female,147.131.146.105
304,Alvy,Walkey,awalkey8f@bluehost.com,Female,57.83.242.204
305,Dionisio,Gotts,dgotts8g@fastcompany.com,Male,206.89.188.247
306,Dieter,Bollands,dbollands8h@icio.us,Male,59.94.171.159
307,Godiva,Biscomb,gbiscomb8i@buzzfeed.com,Female,210.60.238.21
308,Guilbert,Mallett,gmallett8j@cloudflare.com,Male,23.99.172.225
309,Lynelle,Notley,lnotley8k@slashdot.org,Female,14.15.155.87
310,Emmey,Joysey,ejoysey8l@quantcast.com,Male,201.215.220.194
311,Theodora,Torres,ttorres8m@dmoz.org,Male,29.42.168.18
312,Gunter,Loughney,gloughney8n@google.nl,Male,228.234.113.52
313,Melesa,Matteo,mmatteo8o@taobao.com,Female,247.116.191.231
314,Kori,Jaumet,kjaumet8p@china.com.cn,Female,13.200.242.8
315,Caitrin,Campbell-Dunlop,ccampbelldunlop8q@surveymonkey.com,Non-binary,145.159.128.193
316,Adi,Masdin,amasdin8r@washingtonpost.com,Female,245.222.249.116
317,Conway,Boniface,cboniface8s@taobao.com,Female,203.199.191.237
318,Ancell,Greenrodd,agreenrodd8t@usatoday.com,Female,24.237.114.250
319,Janeva,Zuanazzi,jzuanazzi8u@wikispaces.com,Male,163.243.128.72
320,Madelin,Brazel,mbrazel8v@live.com,Male,228.153.233.36
321,Carma,Dani,cdani8w@earthlink.net,Female,110.145.84.115
322,Andra,Bourdas,abourdas8x@earthlink.net,Male,49.70.144.76
323,Rainer,Saice,rsaice8y@imgur.com,Male,204.190.197.201
324,Giralda,Hulks,ghulks8z@rediff.com,Female,13.236.112.248
325,Hamel,Moulster,hmoulster90@google.com.au,Genderqueer,209.82.54.60
326,Banky,Beminster,bbeminster91@umich.edu,Male,123.231.140.245
327,Leonelle,Cockerell,lcockerell92@ft.com,Female,70.42.117.223
328,Kerstin,Yuryichev,kyuryichev93@va.gov,Male,159.249.38.28
329,Yanaton,Scola,yscola94@examiner.com,Male,237.110.9.66
330,Muhammad,Menlow,mmenlow95@google.fr,Male,138.157.46.103
331,Osmund,Kinrade,okinrade96@wisc.edu,Male,57.90.218.139
332,Trudey,Addess,taddess97@istockphoto.com,Male,112.167.93.241
333,Ermanno,Shingles,eshingles98@furl.net,Male,101.222.235.30
334,Alicia,Burgwyn,aburgwyn99@mapy.cz,Female,238.242.154.245
335,Josee,Qualtrough,jqualtrough9a@wix.com,Female,138.198.28.31
336,Casar,Scoterbosh,cscoterbosh9b@bing.com,Male,138.205.248.35
337,Heddi,Blyth,hblyth9c@nymag.com,Female,92.85.128.102
338,Carlen,Tubb,ctubb9d@tuttocitta.it,Male,31.242.61.80
339,Alvan,Kanzler,akanzler9e@shutterfly.com,Female,180.188.96.91
340,Waldemar,Towler,wtowler9f@bizjournals.com,Female,19.183.11.144
341,Rorie,Duxbury,rduxbury9g@joomla.org,Female,252.133.210.143
342,Sheeree,Gianninotti,sgianninotti9h@amazon.com,Female,69.81.124.210
343,Melissa,Joyes,mjoyes9i@seesaa.net,Female,191.151.122.242
344,Rachel,Slimming,rslimming9j@ycombinator.com,Male,233.179.87.210
345,Coop,Wolfer,cwolfer9k@marriott.com,Female,143.18.177.12
346,Holly,Burdfield,hburdfield9l@marriott.com,Male,220.17.150.13
347,Blisse,Elman,belman9m@1688.com,Male,49.72.164.237
348,Brannon,De Freyne,bdefreyne9n@wordpress.org,Female,254.220.151.198
349,Ferrel,Houtbie,fhoutbie9o@devhub.com,Bigender,133.6.24.20
350,Benito,Blaes,bblaes9p@xinhuanet.com,Male,3.27.174.209
351,Aileen,Boog,aboog9q@hud.gov,Female,99.149.111.71
352,Pierson,Smalcombe,psmalcombe9r@vistaprint.com,Female,51.100.116.94
353,Nate,Riordan,nriordan9s@nih.gov,Female,36.116.188.232
354,Ody,Abrams,oabrams9t@cpanel.net,Male,13.14.130.55
355,Merrielle,Broster,mbroster9u@vimeo.com,Male,129.115.83.62
356,Lucie,De Vile,ldevile9v@independent.co.uk,Male,33.80.203.230
357,Page,Callery,pcallery9w@freewebs.com,Female,75.102.92.87
358,Andres,Glennon,aglennon9x@newyorker.com,Female,20.13.241.238
359,Udall,Iddins,uiddins9y@posterous.com,Female,252.130.57.136
360,Brion,Greser,bgreser9z@creativecommons.org,Female,12.11.189.95
361,Floris,Paton,fpatona0@berkeley.edu,Female,65.224.171.244
362,Niven,Hopkyns,nhopkynsa1@tuttocitta.it,Genderfluid,26.65.215.59
363,Carny,Metzke,cmetzkea2@vinaora.com,Female,176.20.224.19
364,Kayley,Punshon,kpunshona3@phpbb.com,Polygender,61.143.44.36
365,Graig,Taggett,gtaggetta4@php.net,Male,73.110.193.56
366,Jacinta,Vasichev,jvasicheva5@shinystat.com,Male,59.201.1.6
367,Wynnie,Bryenton,wbryentona6@arstechnica.com,Male,46.247.83.203
368,Mora,Glason,mglasona7@cargocollective.com,Male,39.171.110.187
369,Collen,Pegden,cpegdena8@ucsd.edu,Female,76.98.97.187
370,Angeline,Mitroshinov,amitroshinova9@sfgate.com,Male,86.227.162.84
371,Felita,Leiden,fleidenaa@xinhuanet.com,Polygender,33.27.7.176
372,Lemar,Djakovic,ldjakovicab@nbcnews.com,Female,40.216.220.94
373,Bogart,Jorgesen,bjorgesenac@e-recht24.de,Female,224.149.128.113
374,Kendell,Yancey,kyanceyad@feedburner.com,Female,159.147.18.110
375,Charissa,Sprasen,csprasenae@unesco.org,Female,132.192.121.11
376,Helenelizabeth,Mullin,hmullinaf@yellowbook.com,Female,73.108.19.196
377,Olivia,Blackaller,oblackallerag@economist.com,Female,92.63.155.195
378,Dominic,Cunniam,dcunniamah@goodreads.com,Female,62.136.55.3
379,Deina,Meachem,dmeachemai@stumbleupon.com,Female,166.189.245.194
380,Rozele,Bousler,rbousleraj@xinhuanet.com,Male,176.12.116.70
381,Ardelle,Bester,abesterak@mediafire.com,Female,113.199.114.161
382,Napoleon,Jenk,njenkal@bloglovin.com,Male,11.128.41.85
383,Justin,Heilds,jheildsam@weibo.com,Male,236.86.249.135
384,Creight,Filyukov,cfilyukovan@sakura.ne.jp,Genderfluid,36.212.236.81
385,Meryl,Roundtree,mroundtreeao@barnesandnoble.com,Male,172.138.31.10
386,Nixie,Provis,nprovisap@smh.com.au,Male,97.14.96.241
387,Melisse,Mattecot,mmattecotaq@odnoklassniki.ru,Female,130.135.209.250
388,Henka,Baraja,hbarajaar@google.ca,Male,91.223.171.79
389,Billi,Sawart,bsawartas@salon.com,Bigender,28.240.115.255
390,Lorrie,Steers,lsteersat@godaddy.com,Female,65.66.106.128
391,Lanie,Blest,lblestau@slashdot.org,Female,6.115.57.124
392,Hali,Ransley,hransleyav@irs.gov,Female,160.241.101.223
393,Eb,Clayworth,eclayworthaw@google.ru,Female,106.225.97.208
394,Britteny,Skellen,bskellenax@google.it,Male,102.24.36.247
395,Angelo,Shipsey,ashipseyay@nyu.edu,Male,144.105.6.13
396,Pietra,Ashbrook,pashbrookaz@ucoz.com,Non-binary,156.44.176.159
397,Robinetta,Gammett,rgammettb0@dion.ne.jp,Male,72.246.13.102
398,Chantalle,Badsey,cbadseyb1@google.ca,Female,28.140.150.105
399,Alphard,Martinovic,amartinovicb2@foxnews.com,Female,242.94.52.94
400,Myra,Darey,mdareyb3@princeton.edu,Genderqueer,112.159.116.101
401,Antonio,Struthers,astruthersb4@ucsd.edu,Male,69.175.100.170
402,Vickie,Lujan,vlujanb5@dmoz.org,Male,67.170.120.225
403,Eda,Abbiss,eabbissb6@ehow.com,Male,149.133.207.58
404,Ram,Thrift,rthriftb7@sohu.com,Female,239.167.226.219
405,Teodor,Shearstone,tshearstoneb8@theguardian.com,Female,68.218.220.212
406,Giana,Danielian,gdanielianb9@go.com,Male,249.72.27.77
407,Elinore,Chasen,echasenba@seattletimes.com,Non-binary,184.224.225.231
408,Lowell,Philliskirk,lphilliskirkbb@salon.com,Female,65.57.52.82
409,Olag,Hayton,ohaytonbc@tiny.cc,Female,133.217.108.195
410,Hyacinth,Ide,hidebd@pinterest.com,Male,166.210.195.124
411,Matelda,Sunnex,msunnexbe@goodreads.com,Female,123.135.68.164
412,Arnold,Stoffels,astoffelsbf@google.com,Male,10.239.5.166
413,Clarence,Buckam,cbuckambg@prlog.org,Male,103.164.195.38
414,Bertina,Doddridge,bdoddridgebh@europa.eu,Male,89.50.160.59
415,Eolande,Allott,eallottbi@unicef.org,Female,172.183.33.205
416,Billie,Knowlson,bknowlsonbj@yandex.ru,Female,42.126.197.20
417,Kanya,Burford,kburfordbk@time.com,Genderfluid,20.13.75.241
418,Faustina,Drinkhill,fdrinkhillbl@goodreads.com,Female,4.161.29.111
419,Rhianna,L'oiseau,rloiseaubm@hugedomains.com,Female,82.113.59.235
420,Juieta,Dullard,jdullardbn@google.com.hk,Male,79.192.117.4
421,Nerita,Salle,nsallebo@so-net.ne.jp,Male,254.12.14.163
422,Lothaire,McKitterick,lmckitterickbp@unblog.fr,Male,194.136.229.1
423,Darsey,Danielkiewicz,ddanielkiewiczbq@pinterest.com,Male,100.189.193.62
424,Evelina,Rolland,erollandbr@jalbum.net,Female,234.133.30.11
425,Sharl,Vickery,svickerybs@ted.com,Male,237.74.158.133
426,Merilee,Floris,mflorisbt@comcast.net,Female,59.202.31.140
427,Fara,Pomeroy,fpomeroybu@jigsy.com,Female,201.174.100.192
428,Pattie,Vesque,pvesquebv@comcast.net,Genderqueer,36.103.13.249
429,Flori,Kalisz,fkaliszbw@google.com,Female,188.142.226.36
430,Sacha,Wynne,swynnebx@sohu.com,Male,141.186.99.202
431,Rani,Goford,rgofordby@whitehouse.gov,Female,225.182.20.186
432,Geri,Squire,gsquirebz@elegantthemes.com,Female,77.221.148.125
433,Valaria,Manson,vmansonc0@51.la,Male,24.225.236.254
434,Ludovico,Cabena,lcabenac1@bloglines.com,Female,152.232.145.4
435,Christy,Maharry,cmaharryc2@behance.net,Female,18.64.38.180
436,Melantha,Lanfear,mlanfearc3@scribd.com,Male,231.251.235.138
437,Joeann,Cristou,jcristouc4@ucoz.ru,Female,218.185.79.203
438,Calv,Scotts,cscottsc5@geocities.jp,Female,170.111.16.184
439,Chiquita,Boyington,cboyingtonc6@soup.io,Female,145.254.112.143
440,Gypsy,Clarridge,gclarridgec7@com.com,Male,24.200.34.209
441,Alvera,Ferrar,aferrarc8@trellian.com,Male,254.63.60.109
442,Doloritas,Olligan,dolliganc9@mit.edu,Male,3.127.122.30
443,Arlena,Landrieu,alandrieuca@dailymail.co.uk,Female,48.99.136.180
444,Rori,Urquhart,rurquhartcb@usa.gov,Male,201.188.143.87
445,Maggy,Tuite,mtuitecc@ucoz.ru,Female,17.146.141.176
446,Lilas,Goade,lgoadecd@webmd.com,Agender,104.187.179.186
447,Angelique,Kohter,akohterce@ted.com,Non-binary,13.205.6.106
448,Cherianne,Chopy,cchopycf@yellowbook.com,Female,222.77.121.221
449,Kristien,Birdwistle,kbirdwistlecg@furl.net,Female,59.108.218.46
450,Nev,Burton,nburtonch@digg.com,Male,184.184.156.222
451,Beryle,Sandall,bsandallci@utexas.edu,Male,160.177.180.36
452,Killian,Purchase,kpurchasecj@sun.com,Bigender,233.125.127.72
453,Ansley,Kellar,akellarck@booking.com,Female,136.192.215.122
454,Muhammad,Gentreau,mgentreaucl@dmoz.org,Female,45.240.112.10
455,Angy,Huygens,ahuygenscm@scientificamerican.com,Female,38.221.140.2
456,Bendite,Chander,bchandercn@engadget.com,Male,176.14.204.158
457,Sally,McKevany,smckevanyco@wired.com,Genderfluid,44.104.81.108
458,Maryjo,Orry,morrycp@wunderground.com,Female,141.176.68.81
459,Currie,Pottie,cpottiecq@cbslocal.com,Bigender,28.111.53.128
460,Danit,Orwell,dorwellcr@delicious.com,Female,25.107.209.231
461,Rozanna,Souttar,rsouttarcs@examiner.com,Male,134.138.193.36
462,Martin,McClounan,mmcclounanct@tamu.edu,Male,255.98.206.70
463,Fred,Mealing,fmealingcu@taobao.com,Female,249.187.9.60
464,Aeriel,Breydin,abreydincv@berkeley.edu,Male,119.57.168.141
465,Meredithe,Crippin,mcrippincw@oakley.com,Male,212.178.153.140
466,Helaina,Lavell,hlavellcx@princeton.edu,Female,173.119.81.175
467,Camila,Khomin,ckhomincy@nationalgeographic.com,Polygender,254.231.15.14
468,Cleveland,Bartholat,cbartholatcz@kickstarter.com,Female,98.245.139.69
469,Kristoffer,Kimbly,kkimblyd0@salon.com,Male,224.156.73.217
470,Chrotoem,Tersay,ctersayd1@geocities.com,Male,141.160.188.27
471,Micheil,Coulthard,mcoulthardd2@eepurl.com,Female,34.29.138.122
472,Paulita,Wych,pwychd3@latimes.com,Female,133.171.83.209
473,Arvy,Messom,amessomd4@livejournal.com,Agender,97.33.226.116
474,Meredeth,Lautie,mlautied5@amazon.co.jp,Non-binary,236.87.164.194
475,Lanni,Dow,ldowd6@umn.edu,Male,231.113.109.117
476,Nehemiah,Reglar,nreglard7@yellowpages.com,Male,154.88.91.157
477,Ara,Caslane,acaslaned8@patch.com,Female,5.11.46.135
478,Jermaine,Carnelley,jcarnelleyd9@free.fr,Female,16.31.83.194
479,Kit,Geydon,kgeydonda@netvibes.com,Female,171.208.55.1
480,Killie,Quin,kquindb@timesonline.co.uk,Female,100.43.137.232
481,Salome,Quartermaine,squartermainedc@noaa.gov,Male,52.29.184.217
482,Rozina,Catterson,rcattersondd@dmoz.org,Male,66.248.209.224
483,Elmer,Frew,efrewde@google.com.au,Male,69.46.82.63
484,Ailis,Menendez,amenendezdf@vimeo.com,Female,251.207.125.214
485,Kaylil,Mortimer,kmortimerdg@biblegateway.com,Male,237.133.103.151
486,Ellyn,Dingwall,edingwalldh@google.pl,Female,99.44.99.68
487,Sigismond,Newns,snewnsdi@telegraph.co.uk,Male,143.152.42.194
488,Violetta,Twitchings,vtwitchingsdj@devhub.com,Female,99.2.44.160
489,Estrella,Emma,eemmadk@nps.gov,Genderfluid,125.69.154.94
490,Ollie,Kristoffersen,okristoffersendl@cmu.edu,Polygender,145.50.76.63
491,Brinna,Ladell,bladelldm@cnbc.com,Male,167.13.143.44
492,Maighdiln,Boulter,mboulterdn@craigslist.org,Male,64.62.170.24
493,Farlie,Hazley,fhazleydo@addthis.com,Genderqueer,101.158.39.22
494,Chrissy,Inde,cindedp@timesonline.co.uk,Male,251.239.70.202
495,Beryle,Lacky,blackydq@imgur.com,Male,66.59.176.137
496,Saba,McMeyler,smcmeylerdr@amazon.co.uk,Female,197.206.104.189
497,Floria,Hatchette,fhatchetteds@godaddy.com,Male,1.241.31.16
498,Randie,Eddoes,reddoesdt@tmall.com,Female,126.160.146.85
499,Josefina,Deluze,jdeluzedu@purevolume.com,Female,82.4.107.87
500,Ollie,Dacombe,odacombedv@eventbrite.com,Female,119.120.196.2
501,Dew,Simeons,dsimeonsdw@latimes.com,Male,167.247.212.52
502,Mandy,Gallemore,mgallemoredx@seesaa.net,Female,77.4.182.210
503,Iris,Pickering,ipickeringdy@twitter.com,Male,40.4.199.225
504,Gerti,Hilliam,ghilliamdz@ebay.co.uk,Male,228.219.131.129
505,Rafaelita,Leighton,rleightone0@flickr.com,Female,192.248.17.185
506,Lee,Selland,lsellande1@jiathis.com,Polygender,254.246.243.143
507,Zonda,Keneforde,zkenefordee2@shinystat.com,Female,30.98.139.201
508,Sapphira,Glossop,sglossope3@scientificamerican.com,Female,181.199.48.207
509,Silva,Dyet,sdyete4@adobe.com,Female,245.66.184.7
510,Hartley,Gosart,hgosarte5@marketwatch.com,Female,94.15.243.185
511,Hagen,Pernell,hpernelle6@youtu.be,Female,53.252.161.195
512,Gregor,Buckberry,gbuckberrye7@buzzfeed.com,Male,67.223.82.143
513,Kristel,Worrall,kworralle8@fda.gov,Male,222.153.115.233
514,Nadean,Botterman,nbottermane9@domainmarket.com,Female,206.1.225.74
515,Tiler,McKerton,tmckertonea@last.fm,Male,84.248.86.181
516,Barbra,Duggleby,bdugglebyeb@rambler.ru,Female,239.228.51.107
517,Kimmie,Rogez,krogezec@cdc.gov,Genderfluid,196.68.111.217
518,Belinda,Blackah,bblackahed@webs.com,Male,22.160.231.174
519,Beniamino,Pendre,bpendreee@ibm.com,Male,33.51.160.165
520,Barron,Aleswell,baleswellef@springer.com,Male,242.171.150.133
521,Dale,Bayley,dbayleyeg@msu.edu,Genderfluid,222.158.161.90
522,Garreth,Pointing,gpointingeh@dropbox.com,Female,90.43.19.211
523,Letta,Slimming,lslimmingei@hugedomains.com,Female,183.35.123.23
524,Maighdiln,Hardiker,mhardikerej@usatoday.com,Female,7.72.140.145
525,Carlyn,Spurryer,cspurryerek@dion.ne.jp,Male,209.39.127.95
526,Hildegaard,Izzat,hizzatel@typepad.com,Male,114.20.221.86
527,Ario,Elphinstone,aelphinstoneem@diigo.com,Female,16.24.109.223
528,Skip,Whitcomb,swhitcomben@posterous.com,Female,248.167.92.193
529,Jim,Stryde,jstrydeeo@unicef.org,Agender,22.161.129.194
530,Korella,Bakewell,kbakewellep@flickr.com,Female,0.104.18.27
531,Jarvis,McArtan,jmcartaneq@myspace.com,Female,5.139.130.95
532,Kayne,Sirmon,ksirmoner@youtube.com,Male,205.129.129.31
533,Minda,Scandrett,mscandrettes@123-reg.co.uk,Male,9.137.246.95
534,Mersey,Stinson,mstinsonet@mozilla.org,Male,24.175.181.4
535,Marylynne,Bubeer,mbubeereu@ebay.co.uk,Female,114.117.59.158
536,Gardener,Greenstock,ggreenstockev@go.com,Female,230.66.184.249
537,Caro,McGuggy,cmcguggyew@youku.com,Female,19.252.226.185
538,Hinze,Tinto,htintoex@mashable.com,Female,116.149.110.146
539,Estrella,Weaver,eweaverey@simplemachines.org,Male,50.172.156.32
540,Hally,Nattriss,hnattrissez@bbc.co.uk,Male,227.243.35.161
541,Andi,Matzen,amatzenf0@msu.edu,Bigender,128.222.47.35
542,Lorne,Ransbury,lransburyf1@irs.gov,Female,30.62.98.56
543,Wheeler,Barhems,wbarhemsf2@earthlink.net,Female,120.161.65.131
544,Philippine,Coye,pcoyef3@geocities.jp,Male,10.225.150.128
545,Mercy,Arthey,martheyf4@last.fm,Female,7.37.228.2
546,Ervin,Easey,eeaseyf5@guardian.co.uk,Male,40.195.28.19
547,Bernardine,Dimitresco,bdimitrescof6@usatoday.com,Male,149.51.198.167
548,Ibby,Dows,idowsf7@163.com,Female,246.246.49.55
549,Roberta,Bratty,rbrattyf8@barnesandnoble.com,Male,113.161.6.140
550,Daryl,Shilladay,dshilladayf9@about.me,Female,11.221.162.243
551,Pandora,Grossier,pgrossierfa@disqus.com,Female,55.182.131.255
552,Lavena,Brackenridge,lbrackenridgefb@cdbaby.com,Male,151.228.159.46
553,Ewan,Bearfoot,ebearfootfc@imgur.com,Female,23.83.118.98
554,Dre,Meaney,dmeaneyfd@slate.com,Female,244.229.125.97
555,Barby,Merit,bmeritfe@youku.com,Female,176.254.96.137
556,Brandi,Jennison,bjennisonff@japanpost.jp,Male,137.135.168.224
557,Sidney,Gromley,sgromleyfg@admin.ch,Agender,226.36.126.200
558,Darryl,Hewlings,dhewlingsfh@slideshare.net,Female,130.106.9.152
559,Tyler,Mustill,tmustillfi@hc360.com,Female,65.66.61.92
560,Joseph,Tarbet,jtarbetfj@prweb.com,Male,164.247.64.10
561,Marjorie,Ipsgrave,mipsgravefk@europa.eu,Female,52.243.48.20
562,Nettle,Roads,nroadsfl@spotify.com,Male,250.214.141.45
563,Arden,Lawfull,alawfullfm@icq.com,Male,242.61.17.82
564,Hort,Ducrow,hducrowfn@digg.com,Male,28.197.82.251
565,Hilary,Brussels,hbrusselsfo@wikipedia.org,Male,12.220.38.171
566,Stanislaus,Occleshaw,soccleshawfp@who.int,Male,162.23.137.4
567,Regan,Londer,rlonderfq@networksolutions.com,Male,245.251.23.195
568,Jakob,Servante,jservantefr@stumbleupon.com,Male,45.196.205.96
569,Brantley,Meysham,bmeyshamfs@webeden.co.uk,Female,58.134.70.243
570,Dora,Chable,dchableft@umn.edu,Male,242.69.221.211
571,Reg,Reynish,rreynishfu@cafepress.com,Female,97.193.85.234
572,Leroy,Sands,lsandsfv@dmoz.org,Male,242.109.214.114
573,Kali,Fitzroy,kfitzroyfw@aboutads.info,Male,35.112.29.171
574,Valenka,Georgeson,vgeorgesonfx@cnbc.com,Male,126.14.219.29
575,Kial,Bazeley,kbazeleyfy@sun.com,Male,179.123.170.203
576,Cristie,Labrom,clabromfz@cyberchimps.com,Male,103.44.37.223
577,Daloris,Flaverty,dflavertyg0@house.gov,Female,34.44.196.57
578,Lelia,Youings,lyouingsg1@domainmarket.com,Male,123.112.165.221
579,Cody,Micheu,cmicheug2@t.co,Male,136.252.146.72
580,Tamqrah,McPhillimey,tmcphillimeyg3@dedecms.com,Female,32.11.109.227
581,Suki,Lethley,slethleyg4@amazon.de,Male,208.149.105.3
582,Web,Gidden,wgiddeng5@hostgator.com,Male,130.226.227.108
583,Andrew,Tiernan,atiernang6@mozilla.com,Female,189.60.106.142
584,Annemarie,Buscher,abuscherg7@lycos.com,Female,57.250.40.178
585,Tonie,Dossettor,tdossettorg8@plala.or.jp,Male,229.107.179.2
586,Elvis,Margerrison,emargerrisong9@wired.com,Genderfluid,103.210.50.8
587,Marquita,Yarrow,myarrowga@hubpages.com,Male,102.113.199.255
588,Adolpho,Boog,abooggb@stumbleupon.com,Male,11.8.24.122
589,Annabel,Loghan,aloghangc@admin.ch,Male,199.7.109.134
590,Sayres,Morecomb,smorecombgd@bloglovin.com,Female,194.124.236.122
591,Reg,Milvarnie,rmilvarniege@yahoo.com,Male,239.99.116.107
592,Lancelot,Prevett,lprevettgf@hexun.com,Male,193.40.117.156
593,Wynn,Jerram,wjerramgg@1und1.de,Female,246.112.136.130
594,Nona,Dobey,ndobeygh@fc2.com,Genderfluid,99.156.104.189
595,Skelly,Reihill,sreihillgi@usa.gov,Female,179.123.10.180
596,Nicolis,Follin,nfollingj@furl.net,Male,87.135.43.88
597,Ashely,Vallender,avallendergk@wikipedia.org,Female,190.242.3.67
598,Oneida,McGarvey,omcgarveygl@forbes.com,Female,8.162.58.70
599,Joelie,Fossord,jfossordgm@aboutads.info,Male,149.147.217.173
600,Ellen,Pendell,ependellgn@netscape.com,Male,134.25.107.56
601,Anna,Arrighetti,aarrighettigo@princeton.edu,Male,32.196.232.120
602,Ilaire,Lytlle,ilytllegp@howstuffworks.com,Female,44.234.226.246
603,Jerrilee,Blencoe,jblencoegq@yandex.ru,Female,85.35.59.142
604,Jilleen,Bolver,jbolvergr@si.edu,Genderqueer,114.218.212.88
605,Donna,Deble,ddeblegs@smugmug.com,Female,16.147.18.193
606,Orren,Deegin,odeegingt@dmoz.org,Male,47.60.165.171
607,Faythe,Benazet,fbenazetgu@europa.eu,Female,130.70.5.132
608,Ashlen,Peacham,apeachamgv@soup.io,Male,132.252.7.71
609,Mechelle,Coite,mcoitegw@ibm.com,Male,133.142.106.208
610,Elsbeth,Oldknowe,eoldknowegx@tamu.edu,Female,248.235.200.228
611,Dew,Gockelen,dgockelengy@360.cn,Male,235.143.120.254
612,Roland,Reimer,rreimergz@trellian.com,Female,70.245.86.175
613,Roseanna,Robelow,rrobelowh0@e-recht24.de,Female,251.65.101.195
614,Celestia,Collcott,ccollcotth1@zimbio.com,Male,137.92.8.97
615,Armando,MacCheyne,amaccheyneh2@eepurl.com,Female,182.191.128.152
616,Gabriell,Sibbons,gsibbonsh3@weather.com,Female,165.1.28.222
617,Moise,Ellacott,mellacotth4@typepad.com,Male,99.71.76.125
618,Penelopa,Dubbin,pdubbinh5@jugem.jp,Male,40.25.51.63
619,Johnna,Baly,jbalyh6@hao123.com,Male,91.216.161.137
620,Sheffield,Torbett,storbetth7@ox.ac.uk,Male,200.168.29.75
621,Myrtia,Ambler,mamblerh8@vimeo.com,Female,188.243.30.53
622,Uriah,Boughtwood,uboughtwoodh9@joomla.org,Male,13.26.24.213
623,Shannon,Beames,sbeamesha@usgs.gov,Female,56.45.2.72
624,Rachael,Fee,rfeehb@usa.gov,Male,241.251.250.248
625,Happy,Donkersley,hdonkersleyhc@about.com,Male,55.191.42.233
626,Bord,Fotitt,bfotitthd@github.io,Female,148.32.193.18
627,Alwin,Wickling,awicklinghe@is.gd,Male,197.25.184.246
628,Vilhelmina,Tamsett,vtamsetthf@imageshack.us,Non-binary,58.179.243.49
629,Geno,Knyvett,gknyvetthg@businessinsider.com,Female,217.37.146.186
630,Aviva,Bilborough,abilboroughhh@wiley.com,Male,60.85.168.57
631,Amii,Small,asmallhi@simplemachines.org,Male,226.223.117.193
632,Dasya,Chazette,dchazettehj@storify.com,Female,88.87.224.19
633,Margarete,Eannetta,meannettahk@forbes.com,Male,54.147.176.87
634,Murial,Cattle,mcattlehl@stumbleupon.com,Female,7.68.35.186
635,Janean,Kelemen,jkelemenhm@apache.org,Agender,202.89.30.153
636,Lindie,Tawn,ltawnhn@latimes.com,Male,24.227.40.252
637,Eb,Pudner,epudnerho@washington.edu,Female,98.142.174.109
638,Bryn,Spears,bspearshp@t-online.de,Female,114.198.49.205
639,Pattie,Del Dello,pdeldellohq@quantcast.com,Male,196.47.67.188
640,Franz,Golsworthy,fgolsworthyhr@netvibes.com,Male,228.120.127.245
641,Errol,Espinas,eespinashs@nifty.com,Female,15.203.158.114
642,Tamara,Lesaunier,tlesaunierht@ted.com,Male,70.162.218.163
643,Dolf,Pepler,dpeplerhu@telegraph.co.uk,Female,199.146.26.210
644,Netty,Balthasar,nbalthasarhv@istockphoto.com,Female,43.111.205.211
645,Dana,Prudence,dprudencehw@mail.ru,Female,18.70.216.31
646,Reece,Sayton,rsaytonhx@wisc.edu,Female,222.238.234.168
647,Deeann,Ovanesian,dovanesianhy@europa.eu,Agender,9.232.45.49
648,Mart,Smedmoor,msmedmoorhz@studiopress.com,Female,188.129.27.201
649,Buck,Overell,boverelli0@homestead.com,Female,190.31.173.16
650,Lawton,Conn,lconni1@hibu.com,Female,78.112.45.229
651,Cherey,Gladbeck,cgladbecki2@toplist.cz,Male,11.147.165.98
652,Hildegarde,Reside,hresidei3@studiopress.com,Female,110.43.141.64
653,Grissel,Conniam,gconniami4@google.es,Female,161.66.53.157
654,Yorke,Durn,ydurni5@telegraph.co.uk,Female,217.3.134.173
655,Denys,McCarter,dmccarteri6@toplist.cz,Female,0.220.159.59
656,Clive,Costell,ccostelli7@elpais.com,Female,173.86.233.130
657,Lorne,Germann,lgermanni8@amazon.co.uk,Female,179.201.14.128
658,Man,Garret,mgarreti9@va.gov,Female,105.57.127.249
659,Brooks,Peinke,bpeinkeia@reddit.com,Male,159.135.17.2
660,Imogen,Valti,ivaltiib@blog.com,Male,189.73.48.82
661,Amos,Anelay,aanelayic@telegraph.co.uk,Male,143.71.148.128
662,Ellyn,Klemmt,eklemmtid@cocolog-nifty.com,Female,69.158.236.43
663,Ulysses,Casperri,ucasperriie@icio.us,Female,53.42.158.57
664,Lilian,Maypes,lmaypesif@i2i.jp,Female,0.122.238.108
665,Dell,Jime,djimeig@marriott.com,Female,101.244.100.134
666,Annadiana,La Grange,alagrangeih@bandcamp.com,Female,250.203.178.37
667,Tabby,Getty,tgettyii@reddit.com,Male,103.0.38.59
668,Chris,Kenchington,ckenchingtonij@1688.com,Female,180.59.117.16
669,Shelli,Reder,srederik@hubpages.com,Male,72.112.101.75
670,Loraine,Jura,ljurail@nature.com,Female,138.77.31.15
671,Bent,Heffy,bheffyim@nih.gov,Female,239.124.81.101
672,Stanford,Charrette,scharrettein@smugmug.com,Male,118.223.36.71
673,Ring,Tomaszczyk,rtomaszczykio@discovery.com,Female,179.151.54.134
674,Florencia,Hegden,fhegdenip@springer.com,Female,147.245.220.167
675,Dwain,Clarke-Williams,dclarkewilliamsiq@microsoft.com,Female,232.79.14.167
676,Arleyne,Bezzant,abezzantir@ning.com,Male,69.175.51.134
677,Mariquilla,Rowdell,mrowdellis@blog.com,Male,114.168.197.238
678,Alexina,Kirkness,akirknessit@columbia.edu,Male,231.39.58.88
679,Jolie,Sleit,jsleitiu@livejournal.com,Female,54.238.81.28
680,Alva,Cunah,acunahiv@ihg.com,Male,73.101.87.58
681,Wolfie,Clewer,wcleweriw@infoseek.co.jp,Female,196.139.160.57
682,Damaris,Gromley,dgromleyix@craigslist.org,Polygender,49.160.149.186
683,Ardis,Warlow,awarlowiy@hatena.ne.jp,Female,195.110.66.50
684,Sybila,Slograve,sslograveiz@vk.com,Genderqueer,62.231.97.153
685,Hedvige,Mundee,hmundeej0@army.mil,Female,66.138.110.191
686,Charmine,Katzmann,ckatzmannj1@de.vu,Male,204.195.134.65
687,Corny,Joynson,cjoynsonj2@diigo.com,Male,160.86.44.186
688,Oliver,Blackeby,oblackebyj3@dyndns.org,Male,143.232.44.57
689,Linzy,Duggleby,ldugglebyj4@csmonitor.com,Female,55.50.92.67
690,Gaylor,Maskell,gmaskellj5@smugmug.com,Female,199.209.57.11
691,Eba,Scutchin,escutchinj6@yahoo.com,Female,207.216.172.249
692,Julianne,MacAlinden,jmacalindenj7@uiuc.edu,Male,250.225.244.19
693,Xaviera,Teape,xteapej8@bizjournals.com,Male,97.195.38.61
694,Richart,Bellard,rbellardj9@lulu.com,Agender,166.35.219.23
695,Gwendolyn,McGillecole,gmcgillecoleja@booking.com,Male,211.42.58.19
696,Marice,Swinglehurst,mswinglehurstjb@oracle.com,Male,217.161.242.182
697,Gilda,Brannan,gbrannanjc@gmpg.org,Female,108.242.142.210
698,Matty,Flieg,mfliegjd@blog.com,Female,135.33.135.49
699,Cort,Theriot,ctheriotje@sitemeter.com,Male,211.194.50.131
700,Amanda,Jellicorse,ajellicorsejf@dyndns.org,Female,75.59.77.110
701,Farah,McCaughey,fmccaugheyjg@ehow.com,Male,14.159.205.242
702,Clyde,O'Caine,cocainejh@stanford.edu,Female,223.61.189.76
703,Bertrando,Hardy-Piggin,bhardypigginji@wikispaces.com,Non-binary,197.232.146.164
704,Karalee,Brehault,kbrehaultjj@twitter.com,Female,34.228.154.250
705,Sheila-kathryn,Bisiker,sbisikerjk@ox.ac.uk,Female,31.157.69.130
706,Billie,Oxenden,boxendenjl@deliciousdays.com,Genderfluid,204.197.80.217
707,Rozanne,Taverner,rtavernerjm@histats.com,Female,145.121.51.150
708,Arvy,Pavelka,apavelkajn@hatena.ne.jp,Male,143.21.102.239
709,Hayden,Struijs,hstruijsjo@uiuc.edu,Male,112.139.108.37
710,Ilyse,Ather,iatherjp@goo.gl,Female,193.254.205.45
711,Katharine,Corradino,kcorradinojq@mysql.com,Male,80.37.199.132
712,Dari,Lodemann,dlodemannjr@nbcnews.com,Male,63.91.188.21
713,Bud,Fillingham,bfillinghamjs@webnode.com,Genderfluid,27.122.39.238
714,Morlee,Glavin,mglavinjt@geocities.jp,Polygender,251.128.226.213
715,Alick,Portinari,aportinariju@ocn.ne.jp,Bigender,210.166.143.168
716,Hannie,Deyes,hdeyesjv@g.co,Polygender,180.238.190.29
717,Bronny,McHugh,bmchughjw@si.edu,Male,216.201.123.242
718,Toby,Maw,tmawjx@pcworld.com,Male,96.241.84.249
719,Fabiano,Marchington,fmarchingtonjy@home.pl,Female,54.177.178.114
720,Constantina,Balcock,cbalcockjz@ycombinator.com,Female,119.247.175.234
721,Shalna,Hanselmann,shanselmannk0@who.int,Female,10.204.149.102
722,Collen,Ransfield,cransfieldk1@seesaa.net,Male,170.160.51.21
723,Eduard,Yarranton,eyarrantonk2@ibm.com,Male,115.56.184.204
724,Misti,Mossman,mmossmank3@yellowpages.com,Female,62.228.102.153
725,Flo,Naptine,fnaptinek4@huffingtonpost.com,Male,115.19.57.138
726,Nana,Straine,nstrainek5@ucoz.ru,Female,241.241.128.17
727,Corinna,Keith,ckeithk6@so-net.ne.jp,Non-binary,207.16.20.218
728,Sindee,Pentelow,spentelowk7@reuters.com,Male,174.105.93.38
729,Mateo,Joice,mjoicek8@cocolog-nifty.com,Female,51.152.27.147
730,Jo,Strange,jstrangek9@dot.gov,Female,207.247.169.86
731,Alexandros,Rockliffe,arockliffeka@51.la,Female,136.151.77.136
732,Malena,Bowgen,mbowgenkb@nps.gov,Male,177.107.54.194
733,Shem,Coare,scoarekc@clickbank.net,Female,65.20.104.188
734,Loralyn,Chillistone,lchillistonekd@macromedia.com,Female,145.32.188.174
735,Teodoro,Deener,tdeenerke@eepurl.com,Female,158.101.42.12
736,Wilhelmine,Potzold,wpotzoldkf@google.pl,Female,31.39.14.9
737,Claudette,Kemp,ckempkg@about.me,Male,211.218.149.204
738,Sauncho,Halm,shalmkh@oakley.com,Male,78.99.14.103
739,Malissia,Doman,mdomanki@exblog.jp,Male,116.178.190.234
740,La verne,Gentile,lgentilekj@google.fr,Male,68.216.194.119
741,Gaylor,Sabbatier,gsabbatierkk@si.edu,Male,175.222.24.157
742,Hewett,Arnopp,harnoppkl@hibu.com,Female,75.65.213.226
743,Osborne,Blackster,oblacksterkm@goodreads.com,Female,129.129.59.34
744,Ellen,Juares,ejuareskn@twitpic.com,Genderqueer,179.130.170.222
745,Trude,Robke,trobkeko@taobao.com,Bigender,233.64.64.249
746,Taylor,Rignall,trignallkp@time.com,Male,215.202.155.81
747,Lissi,Goodie,lgoodiekq@tinypic.com,Female,203.123.184.211
748,Charline,Taudevin,ctaudevinkr@bigcartel.com,Agender,210.2.134.74
749,Ranee,Rushman,rrushmanks@princeton.edu,Female,35.248.15.245
750,Devondra,O'Day,dodaykt@statcounter.com,Male,60.59.212.85
751,Padget,Bursell,pbursellku@macromedia.com,Genderqueer,185.184.20.61
752,Terrill,Cator,tcatorkv@cam.ac.uk,Female,93.182.219.22
753,Adelheid,Hambleton,ahambletonkw@abc.net.au,Female,44.70.97.70
754,Lyon,Grayston,lgraystonkx@shinystat.com,Female,201.234.49.151
755,Findlay,Krishtopaittis,fkrishtopaittisky@intel.com,Genderfluid,92.44.50.224
756,Constancy,Coiley,ccoileykz@seesaa.net,Male,239.210.31.172
757,Geneva,Rolf,grolfl0@squarespace.com,Female,7.156.190.2
758,Pascal,Sainthill,psainthilll1@jimdo.com,Female,226.208.42.196
759,Bink,Broadberrie,bbroadberriel2@qq.com,Genderqueer,58.217.221.205
760,Akim,Yurinov,ayurinovl3@unblog.fr,Female,247.136.99.139
761,Russ,Elliston,rellistonl4@home.pl,Female,119.12.191.181
762,Tobiah,Yukhnov,tyukhnovl5@gmpg.org,Female,155.228.28.212
763,Ashlee,Toope,atoopel6@ocn.ne.jp,Female,49.181.227.206
764,Katinka,Alywin,kalywinl7@latimes.com,Male,208.154.117.8
765,Celisse,Banford,cbanfordl8@psu.edu,Female,235.124.70.91
766,Rory,Shinton,rshintonl9@cafepress.com,Male,171.170.193.1
767,Natala,Bowhay,nbowhayla@comsenz.com,Male,5.82.238.218
768,Gloriana,Dovidaitis,gdovidaitislb@weibo.com,Female,253.16.233.26
769,Ansell,Preddle,apreddlelc@biblegateway.com,Female,145.254.254.90
770,Sherry,Snoddin,ssnoddinld@dagondesign.com,Female,178.177.95.168
771,Candace,Reinhardt,creinhardtle@mac.com,Female,225.147.119.97
772,Ivett,Chalcroft,ichalcroftlf@imgur.com,Genderqueer,216.234.72.93
773,Balduin,Stoneman,bstonemanlg@ifeng.com,Female,222.245.142.252
774,Mandi,Gossop,mgossoplh@zdnet.com,Male,90.41.231.193
775,Thorpe,Beeswing,tbeeswingli@businessweek.com,Female,12.116.67.159
776,Devondra,Gerant,dgerantlj@yellowbook.com,Male,159.58.128.140
777,Mill,Flannigan,mflanniganlk@weebly.com,Male,168.156.217.189
778,Valle,Agney,vagneyll@so-net.ne.jp,Male,24.218.28.23
779,Nelie,Jacombs,njacombslm@telegraph.co.uk,Male,121.179.140.90
780,Selig,McLagan,smclaganln@thetimes.co.uk,Male,68.126.188.122
781,Leeland,Hembrow,lhembrowlo@digg.com,Female,235.56.116.45
782,Cord,Pharaoh,cpharaohlp@deviantart.com,Male,216.33.139.17
783,Trenton,Cuff,tcufflq@yahoo.co.jp,Male,41.205.245.38
784,Tibold,Connop,tconnoplr@mlb.com,Female,134.166.9.218
785,Zaria,Loakes,zloakesls@google.es,Bigender,117.83.123.60
786,Carmen,Marcam,cmarcamlt@dropbox.com,Female,249.244.106.123
787,Granger,Whitton,gwhittonlu@elpais.com,Genderqueer,82.74.1.180
788,Alfreda,Longhorn,alonghornlv@deviantart.com,Male,81.169.111.7
789,Hyacinthie,Proback,hprobacklw@sitemeter.com,Male,57.252.135.69
790,Tandy,Seth,tsethlx@jigsy.com,Polygender,82.247.215.172
791,Rebeka,Dunican,rdunicanly@amazon.co.jp,Male,225.243.70.142
792,Donna,Charlin,dcharlinlz@istockphoto.com,Female,77.214.234.91
793,Barclay,Bruford,bbrufordm0@nps.gov,Female,13.173.159.56
794,Lenka,Pinner,lpinnerm1@nasa.gov,Agender,73.93.151.146
795,Bern,Teaze,bteazem2@shop-pro.jp,Male,246.217.198.237
796,Nina,Della Scala,ndellascalam3@etsy.com,Female,19.235.226.188
797,Marissa,Kinavan,mkinavanm4@mapquest.com,Female,70.178.247.240
798,Andree,Cawthorn,acawthornm5@icio.us,Female,118.182.195.229
799,Lolita,Scramage,lscramagem6@nydailynews.com,Polygender,80.96.94.147
800,Seth,Baddeley,sbaddeleym7@sina.com.cn,Female,116.234.25.202
801,Petr,Finnan,pfinnanm8@guardian.co.uk,Male,162.42.143.115
802,Tadd,Gilbanks,tgilbanksm9@bloglovin.com,Male,253.130.34.119
803,Bat,Attarge,battargema@who.int,Female,222.109.62.158
804,L;urette,Roselli,lrosellimb@goo.ne.jp,Polygender,48.109.237.213
805,Zaneta,Parnall,zparnallmc@geocities.com,Female,100.69.87.215
806,Frants,Sells,fsellsmd@creativecommons.org,Genderfluid,255.105.202.128
807,Kissie,Tesche,ktescheme@umn.edu,Female,252.13.96.214
808,Melicent,Evreux,mevreuxmf@bloglovin.com,Female,155.99.25.30
809,Euell,Burgoyne,eburgoynemg@house.gov,Genderqueer,172.80.37.220
810,Isahella,Rodbourne,irodbournemh@barnesandnoble.com,Female,248.42.166.182
811,Kenon,Byrde,kbyrdemi@yellowpages.com,Female,178.212.229.184
812,Cornela,Wedon,cwedonmj@themeforest.net,Male,127.233.224.182
813,Torey,Arrington,tarringtonmk@timesonline.co.uk,Female,221.2.82.231
814,Dredi,Gonthard,dgonthardml@google.com.br,Male,250.249.19.103
815,Jarrod,Cretney,jcretneymm@mozilla.org,Male,149.47.52.148
816,Ellie,Angel,eangelmn@forbes.com,Non-binary,70.146.164.179
817,Colby,Taleworth,ctaleworthmo@blinklist.com,Female,148.77.31.59
818,Edith,Paddell,epaddellmp@prweb.com,Female,63.205.74.196
819,Cass,MacCartair,cmaccartairmq@gmpg.org,Male,130.237.124.145
820,Dulcine,Guilloneau,dguilloneaumr@yelp.com,Female,255.61.244.223
821,Gretel,Korda,gkordams@nba.com,Female,193.22.46.7
822,Hilda,Pepi,hpepimt@w3.org,Female,134.255.86.95
823,Beauregard,Dowdeswell,bdowdeswellmu@networksolutions.com,Male,122.217.219.102
824,Moyra,Francescone,mfrancesconemv@weibo.com,Male,207.251.74.235
825,Guglielma,Farrell,gfarrellmw@nba.com,Genderqueer,70.250.209.250
826,Georgena,Batrim,gbatrimmx@google.co.jp,Female,81.108.77.117
827,Wyndham,Minnette,wminnettemy@scribd.com,Female,201.195.21.201
828,Hewe,Sanchez,hsanchezmz@weibo.com,Female,204.70.225.139
829,Alisa,Christophersen,achristophersenn0@narod.ru,Female,223.140.83.35
830,Kirsti,Camlin,kcamlinn1@cafepress.com,Female,13.165.169.101
831,Terrell,Pennycook,tpennycookn2@msu.edu,Male,51.178.219.247
832,Tildy,Feldklein,tfeldkleinn3@rambler.ru,Male,167.126.244.179
833,Neilla,Ferrant,nferrantn4@mapy.cz,Male,98.197.39.26
834,Sheri,Richings,srichingsn5@t-online.de,Genderfluid,92.88.156.175
835,Tiffany,Asple,tasplen6@psu.edu,Female,24.103.1.153
836,Filide,Hewlings,fhewlingsn7@whitehouse.gov,Female,160.49.130.127
837,Daffie,Mattock,dmattockn8@yellowpages.com,Female,92.32.240.255
838,Rudyard,Knewstubb,rknewstubbn9@netvibes.com,Male,112.39.146.79
839,Shellysheldon,Vasilik,svasilikna@apple.com,Male,117.226.94.173
840,Briant,Boutellier,bboutelliernb@apple.com,Female,242.241.187.150
841,Letta,O'Gavin,logavinnc@springer.com,Female,186.160.181.152
842,Elaine,Whale,ewhalend@com.com,Female,19.190.252.211
843,Eziechiele,Girkin,egirkinne@prweb.com,Female,35.152.71.182
844,Irvin,Peterkin,ipeterkinnf@nbcnews.com,Female,114.120.145.227
845,Bonny,Tesimon,btesimonng@homestead.com,Male,95.134.145.135
846,Boone,Nani,bnaninh@dell.com,Male,76.209.53.16
847,Rosemary,O'Hartnett,rohartnettni@npr.org,Female,188.60.213.85
848,Zerk,Tandey,ztandeynj@sogou.com,Female,38.89.37.182
849,Edvard,MacGinlay,emacginlaynk@gnu.org,Female,62.207.67.86
850,Chelsea,Siddons,csiddonsnl@usgs.gov,Male,42.168.163.199
851,Beverlie,Daniell,bdaniellnm@paypal.com,Male,72.197.21.226
852,Kelcy,Thornber,kthornbernn@wikipedia.org,Female,161.100.171.87
853,Ollie,Betterton,obettertonno@indiegogo.com,Female,54.124.173.234
854,Michal,Matteau,mmatteaunp@jigsy.com,Agender,198.133.65.89
855,Berry,Cohane,bcohanenq@newsvine.com,Female,77.103.123.220
856,Susanetta,Rudkin,srudkinnr@yolasite.com,Male,150.6.234.206
857,Jody,Lerego,jleregons@macromedia.com,Female,226.18.7.229
858,Anne,Zebedee,azebedeent@toplist.cz,Male,177.82.134.67
859,Yorgo,Gallanders,ygallandersnu@unblog.fr,Non-binary,249.86.29.147
860,Kalil,Rizzolo,krizzolonv@zimbio.com,Female,124.194.79.21
861,Jessie,Bewshaw,jbewshawnw@4shared.com,Male,136.144.48.172
862,Gaultiero,Payley,gpayleynx@usa.gov,Male,43.24.52.145
863,Alvan,Huett,ahuettny@weibo.com,Male,129.34.78.30
864,Heath,Pashan,hpashannz@ovh.net,Male,81.140.41.143
865,Koenraad,Jakeway,kjakewayo0@github.com,Female,174.192.56.109
866,Sholom,Beccero,sbecceroo1@guardian.co.uk,Male,13.12.20.58
867,Lawrence,Barbosa,lbarbosao2@oaic.gov.au,Female,249.192.97.192
868,Shaughn,Pabel,spabelo3@w3.org,Female,46.101.96.145
869,Ben,Kleeman,bkleemano4@fema.gov,Male,178.157.133.39
870,Chilton,Olyet,colyeto5@msu.edu,Male,81.176.36.200
871,Tobe,Nyssen,tnysseno6@over-blog.com,Female,227.238.171.240
872,Cammie,Quoit,cquoito7@webeden.co.uk,Polygender,65.28.231.180
873,Quincey,Heymann,qheymanno8@yahoo.co.jp,Male,175.10.244.55
874,Joaquin,Dybell,jdybello9@github.com,Male,37.91.253.113
875,Pia,Beranek,pberanekoa@last.fm,Female,123.93.69.247
876,Adolph,Standish-Brooks,astandishbrooksob@ibm.com,Male,182.110.98.170
877,Mohandis,Wardrop,mwardropoc@pagesperso-orange.fr,Female,226.107.161.175
878,Pacorro,Barcroft,pbarcroftod@wisc.edu,Male,44.126.59.5
879,Russell,Sherwin,rsherwinoe@constantcontact.com,Male,192.251.12.28
880,Jonell,Renac,jrenacof@oakley.com,Female,233.87.64.76
881,Kaycee,Cardenosa,kcardenosaog@globo.com,Male,70.217.153.106
882,Jake,Cornely,jcornelyoh@unesco.org,Female,133.70.47.27
883,Joyan,Dunbobin,jdunbobinoi@tumblr.com,Male,206.90.231.74
884,Zelig,Nucci,znuccioj@privacy.gov.au,Female,116.147.157.93
885,Clement,Iorizzi,ciorizziok@newsvine.com,Agender,66.35.108.98
886,Barry,Cunio,bcuniool@qq.com,Male,133.174.143.208
887,Redford,Fothergill,rfothergillom@mashable.com,Agender,153.108.204.239
888,Crysta,Iseton,cisetonon@google.de,Male,169.237.188.55
889,Burton,Maruszewski,bmaruszewskioo@blogs.com,Male,202.37.169.136
890,Brooks,Pitway,bpitwayop@xing.com,Female,35.130.65.52
891,Filide,Fisbey,ffisbeyoq@imgur.com,Female,251.253.137.148
892,Khalil,Esilmon,kesilmonor@macromedia.com,Female,75.73.196.174
893,Malcolm,Layburn,mlayburnos@ow.ly,Male,230.220.54.93
894,Luciano,Laxson,llaxsonot@youku.com,Male,174.190.51.67
895,Gaven,Greiswood,ggreiswoodou@unc.edu,Female,161.230.6.92
896,Susie,Sutterfield,ssutterfieldov@about.me,Male,129.54.213.242
897,Welbie,Hirtz,whirtzow@psu.edu,Female,59.22.135.129
898,Wilona,Newman,wnewmanox@dmoz.org,Male,25.85.153.186
899,Dolf,McKeady,dmckeadyoy@imdb.com,Female,72.181.182.150
900,Amandie,Allawy,aallawyoz@miitbeian.gov.cn,Female,62.86.15.158
901,Brennen,Willerton,bwillertonp0@alexa.com,Male,160.139.29.62
902,Fielding,Dulin,fdulinp1@cbslocal.com,Female,42.8.230.121
903,Bree,Phillipps,bphillippsp2@globo.com,Female,238.199.152.60
904,Reggy,Dollman,rdollmanp3@mlb.com,Polygender,2.97.90.142
905,Vikky,Glasgow,vglasgowp4@rakuten.co.jp,Female,134.218.253.224
906,Webb,Thome,wthomep5@ycombinator.com,Male,58.50.89.52
907,Louis,Panchin,lpanchinp6@ow.ly,Male,186.140.195.230
908,Maridel,McCullough,mmcculloughp7@paypal.com,Female,93.225.133.104
909,Sheila,Hyndman,shyndmanp8@businessinsider.com,Female,28.154.23.185
910,Caz,Nipper,cnipperp9@hubpages.com,Non-binary,234.37.105.41
911,Sybilla,Kivits,skivitspa@tamu.edu,Male,248.157.122.182
912,Nedda,Bawcock,nbawcockpb@cisco.com,Bigender,97.144.54.3
913,Timoteo,Bennit,tbennitpc@nba.com,Female,236.54.49.244
914,Davie,Shoppee,dshoppeepd@geocities.jp,Polygender,45.76.118.120
915,Deina,Ware,dwarepe@gizmodo.com,Genderqueer,121.79.90.128
916,Laurent,Sings,lsingspf@fda.gov,Male,223.170.23.19
917,Alphonse,Reuther,areutherpg@1688.com,Male,1.188.17.70
918,Elwyn,Skeat,eskeatph@wisc.edu,Male,82.207.232.227
919,Killy,Oldroyde,koldroydepi@bigcartel.com,Male,194.117.60.0
920,Nelia,Greder,ngrederpj@twitter.com,Male,4.165.118.188
921,Ivy,Semrad,isemradpk@cnn.com,Male,163.212.91.29
922,Jourdan,Kienle,jkienlepl@fda.gov,Male,243.50.109.165
923,Chiarra,Ferandez,cferandezpm@flickr.com,Female,115.253.79.37
924,Skipton,Horrigan,shorriganpn@howstuffworks.com,Male,233.100.77.231
925,Garey,MacKnockiter,gmacknockiterpo@tripod.com,Male,80.33.236.20
926,Nelly,Riddall,nriddallpp@nba.com,Male,10.225.255.55
927,Rosanna,Tydeman,rtydemanpq@harvard.edu,Female,199.96.177.243
928,Rodrique,Urwin,rurwinpr@nsw.gov.au,Female,98.176.248.209
929,Bessie,Barrand,bbarrandps@feedburner.com,Male,29.25.243.40
930,Roanna,Kinge,rkingept@ovh.net,Male,20.46.142.136
931,Ram,Kordovani,rkordovanipu@businesswire.com,Non-binary,25.150.170.0
932,Vasily,Brunelli,vbrunellipv@wired.com,Male,81.82.160.161
933,Tawnya,Bicheno,tbichenopw@twitter.com,Agender,252.198.158.164
934,Stephi,Skilling,sskillingpx@privacy.gov.au,Male,99.24.69.245
935,Lurleen,McDavid,lmcdavidpy@g.co,Female,35.104.141.104
936,Lizette,Offell,loffellpz@comcast.net,Male,88.184.39.58
937,Ilario,Basnett,ibasnettq0@ox.ac.uk,Female,241.245.4.0
938,Janela,Northidge,jnorthidgeq1@nationalgeographic.com,Male,60.248.80.158
939,Kele,Tirrey,ktirreyq2@utexas.edu,Male,185.35.127.47
940,Miner,Tomaszewski,mtomaszewskiq3@hhs.gov,Male,232.69.4.32
941,Bernhard,Lunt,bluntq4@smh.com.au,Agender,167.109.112.49
942,Hermina,Shallcrass,hshallcrassq5@fotki.com,Female,3.28.188.156
943,Heida,Sergeaunt,hsergeauntq6@liveinternet.ru,Male,168.28.141.40
944,Julienne,Harradence,jharradenceq7@techcrunch.com,Female,20.202.145.254
945,Fayina,Silkstone,fsilkstoneq8@tripod.com,Male,25.50.247.139
946,Raphael,Kittman,rkittmanq9@mail.ru,Male,31.255.71.125
947,Estrellita,Critchell,ecritchellqa@a8.net,Male,91.86.236.109
948,Juli,Fairbank,jfairbankqb@google.ru,Female,197.220.168.108
949,Michael,Danielsky,mdanielskyqc@comsenz.com,Male,62.4.79.100
950,Annabelle,Glawsop,aglawsopqd@ca.gov,Female,183.241.253.45
951,Ruthe,Lurcock,rlurcockqe@tamu.edu,Female,19.114.6.222
952,Kincaid,Lauthian,klauthianqf@rakuten.co.jp,Female,171.177.57.91
953,Karly,Neilan,kneilanqg@mashable.com,Male,181.1.181.160
954,Layne,Lampaert,llampaertqh@surveymonkey.com,Male,229.202.142.169
955,Julie,Drust,jdrustqi@nifty.com,Male,175.53.20.224
956,Edythe,Keyho,ekeyhoqj@newyorker.com,Female,14.233.6.146
957,Corny,Chafney,cchafneyqk@examiner.com,Male,114.55.214.65
958,Ram,McLae,rmclaeql@behance.net,Female,37.32.57.148
959,Jude,Clardge,jclardgeqm@soup.io,Bigender,151.53.96.192
960,Faythe,Longmore,flongmoreqn@admin.ch,Bigender,220.217.68.229
961,Dene,Pearl,dpearlqo@github.com,Female,99.131.121.57
962,Cathrin,Kettlesting,ckettlestingqp@vinaora.com,Male,250.80.154.162
963,Amata,Purseglove,apursegloveqq@go.com,Polygender,91.106.247.111
964,Winona,Lodwick,wlodwickqr@huffingtonpost.com,Male,200.91.232.157
965,Teddi,Housam,thousamqs@1und1.de,Male,23.163.48.81
966,Debby,Twinn,dtwinnqt@fc2.com,Female,2.249.191.6
967,Tarah,Rosenberg,trosenbergqu@purevolume.com,Female,108.86.68.14
968,Marin,Adaway,madawayqv@ocn.ne.jp,Female,235.71.234.224
969,Elianora,Shiliton,eshilitonqw@ovh.net,Male,228.173.201.28
970,Arlena,Habbijam,ahabbijamqx@buzzfeed.com,Female,45.143.82.8
971,Tynan,Prisk,tpriskqy@squarespace.com,Male,38.144.221.37
972,Otho,Gheorghie,ogheorghieqz@flavors.me,Male,106.253.207.78
973,Jeannette,Ivankovic,jivankovicr0@posterous.com,Female,177.10.87.175
974,Dorolisa,Hutcheon,dhutcheonr1@desdev.cn,Female,99.184.185.250
975,Goldie,Ramelet,grameletr2@cbslocal.com,Male,183.231.111.100
976,Jefferson,Fonzone,jfonzoner3@delicious.com,Polygender,92.49.28.114
977,Ruddie,Baversor,rbaversorr4@theglobeandmail.com,Female,109.19.47.137
978,Cale,Taggart,ctaggartr5@opensource.org,Male,33.158.157.122
979,Rebbecca,O'Doghesty,rodoghestyr6@engadget.com,Male,245.238.205.118
980,Tommie,Flament,tflamentr7@geocities.com,Male,24.71.127.39
981,Danella,Tellwright,dtellwrightr8@reverbnation.com,Genderfluid,218.153.127.203
982,Sue,Cremins,screminsr9@harvard.edu,Male,46.92.25.226
983,Nananne,Tollmache,ntollmachera@twitpic.com,Male,95.120.80.147
984,Madella,Roman,mromanrb@networkadvertising.org,Female,242.241.35.159
985,Carey,Torr,ctorrrc@topsy.com,Female,240.188.43.85
986,Napoleon,Davidovici,ndavidovicird@bbc.co.uk,Genderqueer,169.193.35.238
987,Abbie,Kretschmer,akretschmerre@parallels.com,Male,178.178.87.98
988,See,Newsham,snewshamrf@webs.com,Female,90.143.224.114
989,Natividad,Rusbridge,nrusbridgerg@ezinearticles.com,Female,84.94.163.101
990,Marena,Hatzar,mhatzarrh@seattletimes.com,Female,122.173.165.122
991,Cristy,Leggan,clegganri@ebay.co.uk,Non-binary,94.37.91.215
992,Bettye,Feek,bfeekrj@surveymonkey.com,Male,17.26.148.20
993,Mile,Ionnidis,mionnidisrk@plala.or.jp,Male,84.86.138.26
994,Fay,Hassewell,fhassewellrl@mit.edu,Female,106.77.121.27
995,Blayne,Wallage,bwallagerm@twitpic.com,Female,255.146.204.177
996,Stephanie,Warton,swartonrn@craigslist.org,Male,213.83.175.233
997,Dee dee,Camilletti,dcamillettiro@vistaprint.com,Male,252.27.14.50
998,Stormi,Duthie,sduthierp@ebay.co.uk,Genderfluid,89.228.219.203
999,Garner,Mitrovic,gmitrovicrq@ucoz.ru,Polygender,68.133.230.85
1000,Kristyn,Harome,kharomerr@macromedia.com,Male,4.178.53.25
